-- phpMyAdmin SQL Dump
-- version 4.8.5
-- https://www.phpmyadmin.net/
--
-- Hôte : 127.0.0.1:3306
-- Généré le :  mer. 11 sep. 2019 à 15:58
-- Version du serveur :  5.7.26
-- Version de PHP :  7.3.5

SET SQL_MODE = "NO_AUTO_VALUE_ON_ZERO";
SET AUTOCOMMIT = 0;
START TRANSACTION;
SET time_zone = "+00:00";


/*!40101 SET @OLD_CHARACTER_SET_CLIENT=@@CHARACTER_SET_CLIENT */;
/*!40101 SET @OLD_CHARACTER_SET_RESULTS=@@CHARACTER_SET_RESULTS */;
/*!40101 SET @OLD_COLLATION_CONNECTION=@@COLLATION_CONNECTION */;
/*!40101 SET NAMES utf8mb4 */;

--
-- Base de données :  `projetorly`
--

-- --------------------------------------------------------

--
-- Structure de la table `continent`
--

DROP TABLE IF EXISTS `continent`;
CREATE TABLE IF NOT EXISTS `continent` (
  `id` int(11) NOT NULL AUTO_INCREMENT,
  `nom_continent` varchar(255) COLLATE utf8mb4_unicode_ci NOT NULL,
  PRIMARY KEY (`id`)
) ENGINE=InnoDB AUTO_INCREMENT=9 DEFAULT CHARSET=utf8mb4 COLLATE=utf8mb4_unicode_ci;

--
-- Déchargement des données de la table `continent`
--

INSERT INTO `continent` (`id`, `nom_continent`) VALUES
(2, 'Afrique'),
(3, 'Amérique du Nord'),
(4, 'Amérique du Sud'),
(5, 'Asie'),
(7, 'Europe'),
(8, 'Océanie');

-- --------------------------------------------------------

--
-- Structure de la table `migration_versions`
--

DROP TABLE IF EXISTS `migration_versions`;
CREATE TABLE IF NOT EXISTS `migration_versions` (
  `version` varchar(14) COLLATE utf8mb4_unicode_ci NOT NULL,
  `executed_at` datetime NOT NULL COMMENT '(DC2Type:datetime_immutable)',
  PRIMARY KEY (`version`)
) ENGINE=InnoDB DEFAULT CHARSET=utf8mb4 COLLATE=utf8mb4_unicode_ci;

--
-- Déchargement des données de la table `migration_versions`
--

INSERT INTO `migration_versions` (`version`, `executed_at`) VALUES
('20190911102451', '2019-09-11 10:25:03'),
('20190911103134', '2019-09-11 10:31:40'),
('20190911113408', '2019-09-11 11:34:14'),
('20190911113631', '2019-09-11 11:36:37'),
('20190911114828', '2019-09-11 11:48:36');

-- --------------------------------------------------------

--
-- Structure de la table `pays`
--

DROP TABLE IF EXISTS `pays`;
CREATE TABLE IF NOT EXISTS `pays` (
  `id` int(11) NOT NULL AUTO_INCREMENT,
  `nom_pays` varchar(255) COLLATE utf8mb4_unicode_ci NOT NULL,
  `code` varchar(255) COLLATE utf8mb4_unicode_ci NOT NULL,
  `continent_id` int(11) DEFAULT NULL,
  PRIMARY KEY (`id`),
  KEY `IDX_349F3CAE921F4C77` (`continent_id`)
) ENGINE=InnoDB AUTO_INCREMENT=43 DEFAULT CHARSET=utf8mb4 COLLATE=utf8mb4_unicode_ci;

--
-- Déchargement des données de la table `pays`
--

INSERT INTO `pays` (`id`, `nom_pays`, `code`, `continent_id`) VALUES
(1, 'Israël', 'ISR', 5),
(2, 'Liban', 'LBN', 5),
(3, 'Turquie', 'TUR', 5),
(4, 'Polynésie', 'PYF', 8),
(5, 'Algérie', 'DZA', 2),
(6, 'Côte d\'ivoire', 'CIV', 2),
(7, 'Ile Maurice', 'MUS', 2),
(8, 'Mali', 'MLI', 2),
(9, 'Maroc', 'MAR', 2),
(10, 'Reunion', 'REU', 2),
(11, 'Tunisie', 'TUN', 2),
(12, 'Brésil', 'BRA', 4),
(13, 'Bahamas', 'BHS', 3),
(14, 'Canada', 'CAN', 3),
(15, 'Cuba', 'CUB', 3),
(16, 'Etats-Unis', 'USA', 3),
(17, 'Guadeloupe', 'GLP', 3),
(18, 'Guyane', 'GUY', 3),
(19, 'Haïti', 'HTI', 3),
(20, 'Martinique', 'MTQ', 3),
(21, 'République Dominicaine', 'DOM', 3),
(23, 'France', 'FRA', 7),
(24, 'Albanie', 'ALB', 7),
(25, 'Allemagne', 'DEU', 7),
(26, 'Autriche', 'AUT', 7),
(27, 'Croatie', 'HRV', 7),
(28, 'Danemark', 'DNK', 7),
(29, 'Espagne', 'ESP', 7),
(30, 'Finlande', 'FIN', 7),
(31, 'Grèce', 'GRC', 7),
(32, 'Hongrie', 'HUN', 7),
(33, 'Irlande', 'IRL', 7),
(34, 'Islande', 'ISL', 7),
(35, 'Italie', 'ITA', 7),
(36, 'Malte', 'MLT', 7),
(37, 'Norvege', 'NOR', 7),
(38, 'Pays Bas', 'NLD', 7),
(39, 'Portugal', 'PRT', 7),
(40, 'Russie', 'RUS', 7),
(41, 'Suisse', 'CHE', 7),
(42, 'Ukraine', 'UKR', 7);

-- --------------------------------------------------------

--
-- Structure de la table `temperature`
--

DROP TABLE IF EXISTS `temperature`;
CREATE TABLE IF NOT EXISTS `temperature` (
  `id` int(11) NOT NULL AUTO_INCREMENT,
  `degre` double NOT NULL,
  `mois` varchar(255) COLLATE utf8mb4_unicode_ci NOT NULL,
  `ville_id` int(11) DEFAULT NULL,
  PRIMARY KEY (`id`),
  KEY `IDX_BE4E2A6CA73F0036` (`ville_id`)
) ENGINE=InnoDB AUTO_INCREMENT=1511 DEFAULT CHARSET=utf8mb4 COLLATE=utf8mb4_unicode_ci;

--
-- Déchargement des données de la table `temperature`
--

INSERT INTO `temperature` (`id`, `degre`, `mois`, `ville_id`) VALUES
(1, 15, 'Janvier', 3),
(2, 13, 'Février', 3),
(3, 16, 'Mars', 3),
(4, 15, 'Avril', 3),
(5, 10, 'Mai', 3),
(6, 16, 'Juin', 3),
(7, 18, 'Juillet', 3),
(8, 25, 'Août', 3),
(9, 20, 'Septembre', 3),
(10, 15, 'Octobre', 3),
(11, 13, 'Novembre', 3),
(12, 13, 'Décembre', 3),
(13, 15, 'Janvier', 4),
(14, 14, 'Février', 4),
(15, 16, 'Mars', 4),
(16, 15, 'Avril', 4),
(17, 10, 'Mai', 4),
(18, 16, 'Juin', 4),
(19, 18, 'Juillet', 4),
(20, 25, 'Août', 4),
(21, 20, 'Septembre', 4),
(22, 15, 'Octobre', 4),
(23, 14, 'Novembre', 4),
(24, 14, 'Décembre', 4),
(25, 15, 'Janvier', 5),
(26, 15, 'Février', 5),
(27, 16, 'Mars', 5),
(28, 15, 'Avril', 5),
(29, 10, 'Mai', 5),
(30, 16, 'Juin', 5),
(31, 18, 'Juillet', 5),
(32, 25, 'Août', 5),
(33, 20, 'Septembre', 5),
(34, 15, 'Octobre', 5),
(35, 15, 'Novembre', 5),
(36, 15, 'Décembre', 5),
(37, 16, 'Janvier', 6),
(38, 16, 'Février', 6),
(39, 16, 'Mars', 6),
(40, 16, 'Avril', 6),
(41, 10, 'Mai', 6),
(42, 16, 'Juin', 6),
(43, 18, 'Juillet', 6),
(44, 26, 'Août', 6),
(45, 20, 'Septembre', 6),
(46, 16, 'Octobre', 6),
(47, 16, 'Novembre', 6),
(48, 16, 'Décembre', 6),
(49, 17, 'Janvier', 7),
(50, 17, 'Février', 7),
(51, 17, 'Mars', 7),
(52, 17, 'Avril', 7),
(53, 10, 'Mai', 7),
(54, 17, 'Juin', 7),
(55, 18, 'Juillet', 7),
(56, 27, 'Août', 7),
(57, 20, 'Septembre', 7),
(58, 17, 'Octobre', 7),
(59, 17, 'Novembre', 7),
(60, 17, 'Décembre', 7),
(61, 18, 'Janvier', 8),
(62, 18, 'Février', 8),
(63, 18, 'Mars', 8),
(64, 18, 'Avril', 8),
(65, 10, 'Mai', 8),
(66, 18, 'Juin', 8),
(67, 18, 'Juillet', 8),
(68, 28, 'Août', 8),
(69, 20, 'Septembre', 8),
(70, 18, 'Octobre', 8),
(71, 18, 'Novembre', 8),
(72, 18, 'Décembre', 8),
(73, 19, 'Janvier', 9),
(74, 19, 'Février', 9),
(75, 19, 'Mars', 9),
(76, 19, 'Avril', 9),
(77, 10, 'Mai', 9),
(78, 19, 'Juin', 9),
(79, 19, 'Juillet', 9),
(80, 29, 'Août', 9),
(81, 20, 'Septembre', 9),
(82, 19, 'Octobre', 9),
(83, 19, 'Novembre', 9),
(84, 19, 'Décembre', 9),
(85, 15, 'Janvier', 10),
(86, 13, 'Février', 10),
(87, 16, 'Mars', 10),
(88, 15, 'Avril', 10),
(89, 10, 'Mai', 10),
(90, 16, 'Juin', 10),
(91, 18, 'Juillet', 10),
(92, 25, 'Août', 10),
(93, 20, 'Septembre', 10),
(94, 15, 'Octobre', 10),
(95, 13, 'Novembre', 10),
(96, 13, 'Décembre', 10),
(97, 15, 'Janvier', 11),
(98, 13, 'Février', 11),
(99, 16, 'Mars', 11),
(100, 15, 'Avril', 11),
(101, 10, 'Mai', 11),
(102, 16, 'Juin', 11),
(103, 18, 'Juillet', 11),
(104, 25, 'Août', 11),
(105, 20, 'Septembre', 11),
(106, 15, 'Octobre', 11),
(107, 13, 'Novembre', 11),
(108, 13, 'Décembre', 11),
(109, 13, 'Février', 12),
(110, 16, 'Mars', 12),
(111, 15, 'Avril', 12),
(112, 10, 'Mai', 12),
(113, 16, 'Juin', 12),
(114, 18, 'Juillet', 12),
(115, 25, 'Août', 12),
(116, 20, 'Septembre', 12),
(117, 15, 'Octobre', 12),
(118, 13, 'Novembre', 12),
(119, 13, 'Décembre', 12),
(120, 15, 'Janvier', 13),
(121, 13, 'Février', 13),
(122, 16, 'Mars', 13),
(123, 15, 'Avril', 13),
(124, 10, 'Mai', 13),
(125, 16, 'Juin', 13),
(126, 18, 'Juillet', 13),
(127, 25, 'Août', 13),
(128, 20, 'Septembre', 13),
(129, 15, 'Octobre', 13),
(130, 13, 'Novembre', 13),
(131, 13, 'Décembre', 13),
(132, 15, 'Janvier', 13),
(133, 13, 'Février', 13),
(134, 16, 'Mars', 13),
(135, 15, 'Avril', 13),
(136, 10, 'Mai', 13),
(137, 16, 'Juin', 13),
(138, 18, 'Juillet', 13),
(139, 25, 'Août', 13),
(140, 20, 'Septembre', 13),
(141, 15, 'Octobre', 13),
(142, 13, 'Novembre', 13),
(143, 13, 'Décembre', 13),
(144, 15, 'Janvier', 14),
(145, 14, 'Février', 14),
(146, 16, 'Mars', 14),
(147, 15, 'Avril', 14),
(148, 10, 'Mai', 14),
(149, 16, 'Juin', 14),
(150, 18, 'Juillet', 14),
(151, 25, 'Août', 14),
(152, 20, 'Septembre', 14),
(153, 15, 'Octobre', 14),
(154, 14, 'Novembre', 14),
(155, 14, 'Décembre', 14),
(156, 15, 'Janvier', 15),
(157, 15, 'Février', 15),
(158, 16, 'Mars', 15),
(159, 15, 'Avril', 15),
(160, 10, 'Mai', 15),
(161, 16, 'Juin', 15),
(162, 18, 'Juillet', 15),
(163, 25, 'Août', 15),
(164, 20, 'Septembre', 15),
(165, 15, 'Octobre', 15),
(166, 15, 'Novembre', 15),
(167, 15, 'Décembre', 15),
(168, 16, 'Janvier', 16),
(169, 16, 'Février', 16),
(170, 16, 'Mars', 16),
(171, 16, 'Avril', 16),
(172, 10, 'Mai', 16),
(173, 16, 'Juin', 16),
(174, 18, 'Juillet', 16),
(175, 26, 'Août', 16),
(176, 20, 'Septembre', 16),
(177, 16, 'Octobre', 16),
(178, 16, 'Novembre', 16),
(179, 16, 'Décembre', 16),
(180, 17, 'Janvier', 17),
(181, 17, 'Février', 17),
(182, 17, 'Mars', 17),
(183, 17, 'Avril', 17),
(184, 10, 'Mai', 17),
(185, 17, 'Juin', 17),
(186, 18, 'Juillet', 17),
(187, 27, 'Août', 17),
(188, 20, 'Septembre', 17),
(189, 17, 'Octobre', 17),
(190, 17, 'Novembre', 17),
(191, 17, 'Décembre', 17),
(192, 18, 'Janvier', 18),
(193, 18, 'Février', 18),
(194, 18, 'Mars', 18),
(195, 18, 'Avril', 18),
(196, 10, 'Mai', 18),
(197, 18, 'Juin', 18),
(198, 18, 'Juillet', 18),
(199, 28, 'Août', 18),
(200, 20, 'Septembre', 18),
(201, 18, 'Octobre', 18),
(202, 18, 'Novembre', 18),
(203, 18, 'Décembre', 18),
(204, 19, 'Janvier', 19),
(205, 19, 'Février', 19),
(206, 19, 'Mars', 19),
(207, 19, 'Avril', 19),
(208, 10, 'Mai', 19),
(209, 19, 'Juin', 19),
(210, 19, 'Juillet', 19),
(211, 29, 'Août', 19),
(212, 20, 'Septembre', 19),
(213, 19, 'Octobre', 19),
(214, 19, 'Novembre', 19),
(215, 19, 'Décembre', 19),
(216, 15, 'Janvier', 20),
(217, 13, 'Février', 20),
(218, 16, 'Mars', 20),
(219, 15, 'Avril', 20),
(220, 10, 'Mai', 20),
(221, 16, 'Juin', 20),
(222, 18, 'Juillet', 20),
(223, 25, 'Août', 20),
(224, 20, 'Septembre', 20),
(225, 15, 'Octobre', 20),
(226, 13, 'Novembre', 20),
(227, 13, 'Décembre', 20),
(228, 15, 'Janvier', 21),
(229, 13, 'Février', 21),
(230, 16, 'Mars', 21),
(231, 15, 'Avril', 21),
(232, 10, 'Mai', 21),
(233, 16, 'Juin', 21),
(234, 18, 'Juillet', 21),
(235, 25, 'Août', 21),
(236, 20, 'Septembre', 21),
(237, 15, 'Octobre', 21),
(238, 13, 'Novembre', 21),
(239, 13, 'Décembre', 21),
(240, 15, 'Janvier', 22),
(241, 13, 'Février', 22),
(242, 16, 'Mars', 22),
(243, 15, 'Avril', 22),
(244, 10, 'Mai', 22),
(245, 16, 'Juin', 22),
(246, 18, 'Juillet', 22),
(247, 25, 'Août', 22),
(248, 20, 'Septembre', 22),
(249, 15, 'Octobre', 22),
(250, 13, 'Novembre', 22),
(251, 13, 'Décembre', 22),
(252, 15, 'Janvier', 23),
(253, 13, 'Février', 23),
(254, 16, 'Mars', 23),
(255, 15, 'Avril', 23),
(256, 10, 'Mai', 23),
(257, 16, 'Juin', 23),
(258, 18, 'Juillet', 23),
(259, 25, 'Août', 23),
(260, 20, 'Septembre', 23),
(261, 15, 'Octobre', 23),
(262, 13, 'Novembre', 23),
(263, 13, 'Décembre', 23),
(264, 15, 'Janvier', 24),
(265, 13, 'Février', 24),
(266, 16, 'Mars', 24),
(267, 15, 'Avril', 24),
(268, 10, 'Mai', 24),
(269, 16, 'Juin', 24),
(270, 18, 'Juillet', 24),
(271, 25, 'Août', 24),
(272, 20, 'Septembre', 24),
(273, 15, 'Octobre', 24),
(274, 13, 'Novembre', 24),
(275, 13, 'Décembre', 24),
(276, 15, 'Janvier', 25),
(277, 15, 'Février', 25),
(278, 16, 'Mars', 25),
(279, 15, 'Avril', 25),
(280, 10, 'Mai', 25),
(281, 16, 'Juin', 25),
(282, 18, 'Juillet', 25),
(283, 25, 'Août', 25),
(284, 20, 'Septembre', 25),
(285, 15, 'Octobre', 25),
(286, 15, 'Novembre', 25),
(287, 15, 'Décembre', 25),
(288, 16, 'Janvier', 26),
(289, 16, 'Février', 26),
(290, 16, 'Mars', 26),
(291, 16, 'Avril', 26),
(292, 10, 'Mai', 26),
(293, 16, 'Juin', 26),
(294, 18, 'Juillet', 26),
(295, 26, 'Août', 26),
(296, 20, 'Septembre', 26),
(297, 16, 'Octobre', 26),
(298, 16, 'Novembre', 26),
(299, 16, 'Décembre', 26),
(300, 17, 'Janvier', 27),
(301, 17, 'Février', 27),
(302, 17, 'Mars', 27),
(303, 17, 'Avril', 27),
(304, 10, 'Mai', 27),
(305, 17, 'Juin', 27),
(306, 18, 'Juillet', 27),
(307, 27, 'Août', 27),
(308, 20, 'Septembre', 27),
(309, 17, 'Octobre', 27),
(310, 17, 'Novembre', 27),
(311, 17, 'Décembre', 27),
(312, 18, 'Janvier', 28),
(313, 18, 'Février', 28),
(314, 18, 'Mars', 28),
(315, 18, 'Avril', 28),
(316, 10, 'Mai', 28),
(317, 18, 'Juin', 28),
(318, 18, 'Juillet', 28),
(319, 28, 'Août', 28),
(320, 20, 'Septembre', 28),
(321, 18, 'Octobre', 28),
(322, 18, 'Novembre', 28),
(323, 18, 'Décembre', 28),
(324, 19, 'Janvier', 29),
(325, 19, 'Février', 29),
(326, 19, 'Mars', 29),
(327, 19, 'Avril', 29),
(328, 10, 'Mai', 29),
(329, 19, 'Juin', 29),
(330, 19, 'Juillet', 29),
(331, 29, 'Août', 29),
(332, 20, 'Septembre', 29),
(333, 19, 'Octobre', 29),
(334, 19, 'Novembre', 29),
(335, 19, 'Décembre', 29),
(336, 15, 'Janvier', 30),
(337, 13, 'Février', 30),
(338, 16, 'Mars', 30),
(339, 15, 'Avril', 30),
(340, 10, 'Mai', 30),
(341, 16, 'Juin', 30),
(342, 18, 'Juillet', 30),
(343, 25, 'Août', 30),
(344, 20, 'Septembre', 30),
(345, 15, 'Octobre', 30),
(346, 13, 'Novembre', 30),
(347, 13, 'Décembre', 30),
(348, 15, 'Janvier', 31),
(349, 13, 'Février', 31),
(350, 16, 'Mars', 31),
(351, 15, 'Avril', 31),
(352, 10, 'Mai', 31),
(353, 16, 'Juin', 31),
(354, 18, 'Juillet', 31),
(355, 25, 'Août', 31),
(356, 20, 'Septembre', 31),
(357, 15, 'Octobre', 31),
(358, 13, 'Novembre', 31),
(359, 13, 'Décembre', 31),
(360, 15, 'Janvier', 32),
(361, 13, 'Février', 32),
(362, 16, 'Mars', 32),
(363, 15, 'Avril', 32),
(364, 10, 'Mai', 32),
(365, 16, 'Juin', 32),
(366, 18, 'Juillet', 32),
(367, 25, 'Août', 32),
(368, 20, 'Septembre', 32),
(369, 15, 'Octobre', 32),
(370, 13, 'Novembre', 32),
(371, 13, 'Décembre', 32),
(372, 15, 'Janvier', 33),
(373, 13, 'Février', 33),
(374, 16, 'Mars', 33),
(375, 15, 'Avril', 33),
(376, 10, 'Mai', 33),
(377, 16, 'Juin', 33),
(378, 18, 'Juillet', 33),
(379, 25, 'Août', 33),
(380, 20, 'Septembre', 33),
(381, 15, 'Octobre', 33),
(382, 13, 'Novembre', 33),
(383, 13, 'Décembre', 33),
(384, 15, 'Janvier', 34),
(385, 13, 'Février', 34),
(386, 16, 'Mars', 34),
(387, 15, 'Avril', 34),
(388, 10, 'Mai', 34),
(389, 16, 'Juin', 34),
(390, 18, 'Juillet', 34),
(391, 25, 'Août', 34),
(392, 20, 'Septembre', 34),
(393, 15, 'Octobre', 34),
(394, 13, 'Novembre', 34),
(395, 13, 'Décembre', 34),
(396, 15, 'Janvier', 35),
(397, 15, 'Février', 35),
(398, 16, 'Mars', 35),
(399, 15, 'Avril', 35),
(400, 10, 'Mai', 35),
(401, 16, 'Juin', 35),
(402, 18, 'Juillet', 35),
(403, 25, 'Août', 35),
(404, 20, 'Septembre', 35),
(405, 15, 'Octobre', 35),
(406, 15, 'Novembre', 35),
(407, 15, 'Décembre', 35),
(408, 16, 'Janvier', 36),
(409, 16, 'Février', 36),
(410, 16, 'Mars', 36),
(411, 16, 'Avril', 36),
(412, 10, 'Mai', 36),
(413, 16, 'Juin', 36),
(414, 18, 'Juillet', 36),
(415, 26, 'Août', 36),
(416, 20, 'Septembre', 36),
(417, 16, 'Octobre', 36),
(418, 16, 'Novembre', 36),
(419, 16, 'Décembre', 36),
(420, 17, 'Janvier', 37),
(421, 17, 'Février', 37),
(422, 17, 'Mars', 37),
(423, 17, 'Avril', 37),
(424, 10, 'Mai', 37),
(425, 17, 'Juin', 37),
(426, 18, 'Juillet', 37),
(427, 27, 'Août', 37),
(428, 20, 'Septembre', 37),
(429, 17, 'Octobre', 37),
(430, 17, 'Novembre', 37),
(431, 17, 'Décembre', 37),
(432, 18, 'Janvier', 38),
(433, 18, 'Février', 38),
(434, 18, 'Mars', 38),
(435, 18, 'Avril', 38),
(436, 10, 'Mai', 38),
(437, 18, 'Juin', 38),
(438, 18, 'Juillet', 38),
(439, 28, 'Août', 38),
(440, 20, 'Septembre', 38),
(441, 18, 'Octobre', 38),
(442, 18, 'Novembre', 38),
(443, 18, 'Décembre', 38),
(444, 19, 'Janvier', 39),
(445, 19, 'Février', 39),
(446, 19, 'Mars', 39),
(447, 19, 'Avril', 39),
(448, 10, 'Mai', 39),
(449, 19, 'Juin', 39),
(450, 19, 'Juillet', 39),
(451, 29, 'Août', 39),
(452, 20, 'Septembre', 39),
(453, 19, 'Octobre', 39),
(454, 19, 'Novembre', 39),
(455, 19, 'Décembre', 39),
(456, 15, 'Janvier', 40),
(457, 13, 'Février', 40),
(458, 16, 'Mars', 40),
(459, 15, 'Avril', 40),
(460, 10, 'Mai', 40),
(461, 16, 'Juin', 40),
(462, 18, 'Juillet', 40),
(463, 25, 'Août', 40),
(464, 20, 'Septembre', 40),
(465, 15, 'Octobre', 40),
(466, 13, 'Novembre', 40),
(467, 13, 'Décembre', 40),
(468, 15, 'Janvier', 41),
(469, 13, 'Février', 41),
(470, 16, 'Mars', 41),
(471, 15, 'Avril', 41),
(472, 10, 'Mai', 41),
(473, 16, 'Juin', 41),
(474, 18, 'Juillet', 41),
(475, 25, 'Août', 41),
(476, 20, 'Septembre', 41),
(477, 15, 'Octobre', 41),
(478, 13, 'Novembre', 41),
(479, 13, 'Décembre', 41),
(480, 15, 'Janvier', 42),
(481, 13, 'Février', 42),
(482, 16, 'Mars', 42),
(483, 15, 'Avril', 42),
(484, 10, 'Mai', 42),
(485, 16, 'Juin', 42),
(486, 18, 'Juillet', 42),
(487, 25, 'Août', 42),
(488, 20, 'Septembre', 42),
(489, 15, 'Octobre', 42),
(490, 13, 'Novembre', 42),
(491, 13, 'Décembre', 42),
(492, 15, 'Janvier', 43),
(493, 13, 'Février', 43),
(494, 16, 'Mars', 43),
(495, 15, 'Avril', 43),
(496, 10, 'Mai', 43),
(497, 16, 'Juin', 43),
(498, 18, 'Juillet', 43),
(499, 25, 'Août', 43),
(500, 20, 'Septembre', 43),
(501, 15, 'Octobre', 43),
(502, 13, 'Novembre', 43),
(503, 13, 'Décembre', 43),
(504, 15, 'Janvier', 44),
(505, 14, 'Février', 44),
(506, 16, 'Mars', 44),
(507, 15, 'Avril', 44),
(508, 10, 'Mai', 44),
(509, 16, 'Juin', 44),
(510, 18, 'Juillet', 44),
(511, 25, 'Août', 44),
(512, 20, 'Septembre', 44),
(513, 15, 'Octobre', 44),
(514, 14, 'Novembre', 44),
(515, 14, 'Décembre', 44),
(516, 15, 'Janvier', 45),
(517, 15, 'Février', 45),
(518, 16, 'Mars', 45),
(519, 15, 'Avril', 45),
(520, 10, 'Mai', 45),
(521, 16, 'Juin', 45),
(522, 18, 'Juillet', 45),
(523, 25, 'Août', 45),
(524, 20, 'Septembre', 45),
(525, 15, 'Octobre', 45),
(526, 15, 'Novembre', 45),
(527, 15, 'Décembre', 45),
(528, 16, 'Janvier', 46),
(529, 16, 'Février', 46),
(530, 16, 'Mars', 46),
(531, 16, 'Avril', 46),
(532, 10, 'Mai', 46),
(533, 16, 'Juin', 46),
(534, 18, 'Juillet', 46),
(535, 26, 'Août', 46),
(536, 20, 'Septembre', 46),
(537, 16, 'Octobre', 46),
(538, 16, 'Novembre', 46),
(539, 16, 'Décembre', 46),
(540, 17, 'Janvier', 47),
(541, 17, 'Février', 47),
(542, 17, 'Mars', 47),
(543, 17, 'Avril', 47),
(544, 10, 'Mai', 47),
(545, 17, 'Juin', 47),
(546, 18, 'Juillet', 47),
(547, 27, 'Août', 47),
(548, 20, 'Septembre', 47),
(549, 17, 'Octobre', 47),
(550, 17, 'Novembre', 47),
(551, 17, 'Décembre', 47),
(552, 18, 'Janvier', 48),
(553, 18, 'Février', 48),
(554, 18, 'Mars', 48),
(555, 18, 'Avril', 48),
(556, 10, 'Mai', 48),
(557, 18, 'Juin', 48),
(558, 18, 'Juillet', 48),
(559, 28, 'Août', 48),
(560, 20, 'Septembre', 48),
(561, 18, 'Octobre', 48),
(562, 18, 'Novembre', 48),
(563, 18, 'Décembre', 48),
(564, 19, 'Janvier', 49),
(565, 19, 'Février', 49),
(566, 19, 'Mars', 49),
(567, 19, 'Avril', 49),
(568, 10, 'Mai', 49),
(569, 19, 'Juin', 49),
(570, 19, 'Juillet', 49),
(571, 29, 'Août', 49),
(572, 20, 'Septembre', 49),
(573, 19, 'Octobre', 49),
(574, 19, 'Novembre', 49),
(575, 19, 'Décembre', 49),
(576, 15, 'Janvier', 50),
(577, 13, 'Février', 50),
(578, 16, 'Mars', 50),
(579, 15, 'Avril', 50),
(580, 10, 'Mai', 50),
(581, 16, 'Juin', 50),
(582, 18, 'Juillet', 50),
(583, 25, 'Août', 50),
(584, 20, 'Septembre', 50),
(585, 15, 'Octobre', 50),
(586, 13, 'Novembre', 50),
(587, 13, 'Décembre', 50),
(588, 15, 'Janvier', 51),
(589, 13, 'Février', 51),
(590, 16, 'Mars', 51),
(591, 15, 'Avril', 51),
(592, 10, 'Mai', 51),
(593, 16, 'Juin', 51),
(594, 18, 'Juillet', 51),
(595, 25, 'Août', 51),
(596, 20, 'Septembre', 51),
(597, 15, 'Octobre', 51),
(598, 13, 'Novembre', 51),
(599, 13, 'Décembre', 51),
(600, 13, 'Février', 52),
(601, 16, 'Mars', 52),
(602, 15, 'Avril', 52),
(603, 10, 'Mai', 52),
(604, 16, 'Juin', 52),
(605, 18, 'Juillet', 52),
(606, 25, 'Août', 52),
(607, 20, 'Septembre', 52),
(608, 15, 'Octobre', 52),
(609, 13, 'Novembre', 52),
(610, 13, 'Décembre', 52),
(611, 15, 'Janvier', 53),
(612, 13, 'Février', 53),
(613, 16, 'Mars', 53),
(614, 15, 'Avril', 53),
(615, 10, 'Mai', 53),
(616, 16, 'Juin', 53),
(617, 18, 'Juillet', 53),
(618, 25, 'Août', 53),
(619, 20, 'Septembre', 53),
(620, 15, 'Octobre', 53),
(621, 13, 'Novembre', 53),
(622, 13, 'Décembre', 53),
(623, 15, 'Janvier', 54),
(624, 13, 'Février', 54),
(625, 16, 'Mars', 54),
(626, 15, 'Avril', 54),
(627, 10, 'Mai', 54),
(628, 16, 'Juin', 54),
(629, 18, 'Juillet', 54),
(630, 25, 'Août', 54),
(631, 20, 'Septembre', 54),
(632, 15, 'Octobre', 54),
(633, 13, 'Novembre', 54),
(634, 13, 'Décembre', 54),
(635, 15, 'Janvier', 55),
(636, 14, 'Février', 55),
(637, 16, 'Mars', 55),
(638, 15, 'Avril', 55),
(639, 10, 'Mai', 55),
(640, 16, 'Juin', 55),
(641, 18, 'Juillet', 55),
(642, 25, 'Août', 55),
(643, 20, 'Septembre', 55),
(644, 15, 'Octobre', 55),
(645, 14, 'Novembre', 55),
(646, 14, 'Décembre', 55),
(647, 15, 'Janvier', 56),
(648, 15, 'Février', 56),
(649, 16, 'Mars', 56),
(650, 15, 'Avril', 56),
(651, 10, 'Mai', 56),
(652, 16, 'Juin', 56),
(653, 18, 'Juillet', 56),
(654, 25, 'Août', 56),
(655, 20, 'Septembre', 56),
(656, 15, 'Octobre', 56),
(657, 15, 'Novembre', 56),
(658, 15, 'Décembre', 56),
(659, 16, 'Janvier', 57),
(660, 16, 'Février', 57),
(661, 16, 'Mars', 57),
(662, 16, 'Avril', 57),
(663, 10, 'Mai', 57),
(664, 16, 'Juin', 57),
(665, 18, 'Juillet', 57),
(666, 26, 'Août', 57),
(667, 20, 'Septembre', 57),
(668, 16, 'Octobre', 57),
(669, 16, 'Novembre', 57),
(670, 16, 'Décembre', 57),
(671, 17, 'Janvier', 58),
(672, 17, 'Février', 58),
(673, 17, 'Mars', 58),
(674, 17, 'Avril', 58),
(675, 10, 'Mai', 58),
(676, 17, 'Juin', 58),
(677, 18, 'Juillet', 58),
(678, 27, 'Août', 58),
(679, 20, 'Septembre', 58),
(680, 17, 'Octobre', 58),
(681, 17, 'Novembre', 58),
(682, 17, 'Décembre', 58),
(683, 18, 'Janvier', 59),
(684, 18, 'Février', 59),
(685, 18, 'Mars', 59),
(686, 18, 'Avril', 59),
(687, 10, 'Mai', 59),
(688, 18, 'Juin', 59),
(689, 18, 'Juillet', 59),
(690, 28, 'Août', 59),
(691, 20, 'Septembre', 59),
(692, 18, 'Octobre', 59),
(693, 18, 'Novembre', 59),
(694, 18, 'Décembre', 59),
(695, 19, 'Janvier', 60),
(696, 19, 'Février', 60),
(697, 19, 'Mars', 60),
(698, 19, 'Avril', 60),
(699, 10, 'Mai', 60),
(700, 19, 'Juin', 60),
(701, 19, 'Juillet', 60),
(702, 29, 'Août', 60),
(703, 20, 'Septembre', 60),
(704, 19, 'Octobre', 60),
(705, 19, 'Novembre', 60),
(706, 19, 'Décembre', 60),
(707, 15, 'Janvier', 61),
(708, 13, 'Février', 61),
(709, 16, 'Mars', 61),
(710, 15, 'Avril', 61),
(711, 10, 'Mai', 61),
(712, 16, 'Juin', 61),
(713, 18, 'Juillet', 61),
(714, 25, 'Août', 61),
(715, 20, 'Septembre', 61),
(716, 15, 'Octobre', 61),
(717, 13, 'Novembre', 61),
(718, 13, 'Décembre', 61),
(719, 15, 'Janvier', 62),
(720, 13, 'Février', 62),
(721, 16, 'Mars', 62),
(722, 15, 'Avril', 62),
(723, 10, 'Mai', 62),
(724, 16, 'Juin', 62),
(725, 18, 'Juillet', 62),
(726, 25, 'Août', 62),
(727, 20, 'Septembre', 62),
(728, 15, 'Octobre', 62),
(729, 13, 'Novembre', 62),
(730, 13, 'Décembre', 62),
(731, 15, 'Janvier', 63),
(732, 13, 'Février', 63),
(733, 16, 'Mars', 63),
(734, 15, 'Avril', 63),
(735, 10, 'Mai', 63),
(736, 16, 'Juin', 63),
(737, 18, 'Juillet', 63),
(738, 25, 'Août', 63),
(739, 20, 'Septembre', 63),
(740, 15, 'Octobre', 63),
(741, 13, 'Novembre', 63),
(742, 13, 'Décembre', 63),
(743, 15, 'Janvier', 64),
(744, 13, 'Février', 64),
(745, 16, 'Mars', 64),
(746, 15, 'Avril', 64),
(747, 10, 'Mai', 64),
(748, 16, 'Juin', 64),
(749, 18, 'Juillet', 64),
(750, 25, 'Août', 64),
(751, 20, 'Septembre', 64),
(752, 15, 'Octobre', 64),
(753, 13, 'Novembre', 64),
(754, 13, 'Décembre', 64),
(755, 15, 'Janvier', 65),
(756, 13, 'Février', 65),
(757, 16, 'Mars', 65),
(758, 15, 'Avril', 65),
(759, 10, 'Mai', 65),
(760, 16, 'Juin', 65),
(761, 18, 'Juillet', 65),
(762, 25, 'Août', 65),
(763, 20, 'Septembre', 65),
(764, 15, 'Octobre', 65),
(765, 13, 'Novembre', 65),
(766, 13, 'Décembre', 65),
(767, 15, 'Janvier', 66),
(768, 15, 'Février', 66),
(769, 16, 'Mars', 66),
(770, 15, 'Avril', 66),
(771, 10, 'Mai', 66),
(772, 16, 'Juin', 66),
(773, 18, 'Juillet', 66),
(774, 25, 'Août', 66),
(775, 20, 'Septembre', 66),
(776, 15, 'Octobre', 66),
(777, 15, 'Novembre', 66),
(778, 15, 'Décembre', 66),
(779, 16, 'Janvier', 67),
(780, 16, 'Février', 67),
(781, 16, 'Mars', 67),
(782, 16, 'Avril', 67),
(783, 10, 'Mai', 67),
(784, 16, 'Juin', 67),
(785, 18, 'Juillet', 67),
(786, 26, 'Août', 67),
(787, 20, 'Septembre', 67),
(788, 16, 'Octobre', 67),
(789, 16, 'Novembre', 67),
(790, 16, 'Décembre', 67),
(791, 17, 'Janvier', 68),
(792, 17, 'Février', 68),
(793, 17, 'Mars', 68),
(794, 17, 'Avril', 68),
(795, 10, 'Mai', 68),
(796, 17, 'Juin', 68),
(797, 18, 'Juillet', 68),
(798, 27, 'Août', 68),
(799, 20, 'Septembre', 68),
(800, 17, 'Octobre', 68),
(801, 17, 'Novembre', 68),
(802, 17, 'Décembre', 68),
(803, 18, 'Janvier', 69),
(804, 18, 'Février', 69),
(805, 18, 'Mars', 69),
(806, 18, 'Avril', 69),
(807, 10, 'Mai', 69),
(808, 18, 'Juin', 69),
(809, 18, 'Juillet', 69),
(810, 28, 'Août', 69),
(811, 20, 'Septembre', 69),
(812, 18, 'Octobre', 69),
(813, 18, 'Novembre', 69),
(814, 18, 'Décembre', 69),
(815, 19, 'Janvier', 70),
(816, 19, 'Février', 70),
(817, 19, 'Mars', 70),
(818, 19, 'Avril', 70),
(819, 10, 'Mai', 70),
(820, 19, 'Juin', 70),
(821, 19, 'Juillet', 70),
(822, 29, 'Août', 70),
(823, 20, 'Septembre', 70),
(824, 19, 'Octobre', 70),
(825, 19, 'Novembre', 70),
(826, 19, 'Décembre', 70),
(827, 15, 'Janvier', 71),
(828, 13, 'Février', 71),
(829, 16, 'Mars', 71),
(830, 15, 'Avril', 71),
(831, 10, 'Mai', 71),
(832, 16, 'Juin', 71),
(833, 18, 'Juillet', 71),
(834, 25, 'Août', 71),
(835, 20, 'Septembre', 71),
(836, 15, 'Octobre', 71),
(837, 13, 'Novembre', 71),
(838, 13, 'Décembre', 71),
(839, 15, 'Janvier', 72),
(840, 13, 'Février', 72),
(841, 16, 'Mars', 72),
(842, 15, 'Avril', 72),
(843, 10, 'Mai', 72),
(844, 16, 'Juin', 72),
(845, 18, 'Juillet', 72),
(846, 25, 'Août', 72),
(847, 20, 'Septembre', 72),
(848, 15, 'Octobre', 72),
(849, 13, 'Novembre', 72),
(850, 13, 'Décembre', 72),
(851, 15, 'Janvier', 73),
(852, 13, 'Février', 73),
(853, 16, 'Mars', 73),
(854, 15, 'Avril', 73),
(855, 10, 'Mai', 73),
(856, 16, 'Juin', 73),
(857, 18, 'Juillet', 73),
(858, 25, 'Août', 73),
(859, 20, 'Septembre', 73),
(860, 15, 'Octobre', 73),
(861, 13, 'Novembre', 73),
(862, 13, 'Décembre', 73),
(863, 15, 'Janvier', 74),
(864, 13, 'Février', 74),
(865, 16, 'Mars', 74),
(866, 15, 'Avril', 74),
(867, 10, 'Mai', 74),
(868, 16, 'Juin', 74),
(869, 18, 'Juillet', 74),
(870, 25, 'Août', 74),
(871, 20, 'Septembre', 74),
(872, 15, 'Octobre', 74),
(873, 13, 'Novembre', 74),
(874, 13, 'Décembre', 74),
(875, 15, 'Janvier', 75),
(876, 13, 'Février', 75),
(877, 16, 'Mars', 75),
(878, 15, 'Avril', 75),
(879, 10, 'Mai', 75),
(880, 16, 'Juin', 75),
(881, 18, 'Juillet', 75),
(882, 25, 'Août', 75),
(883, 20, 'Septembre', 75),
(884, 15, 'Octobre', 75),
(885, 13, 'Novembre', 75),
(886, 13, 'Décembre', 75),
(887, 15, 'Janvier', 76),
(888, 15, 'Février', 76),
(889, 16, 'Mars', 76),
(890, 15, 'Avril', 76),
(891, 10, 'Mai', 76),
(892, 16, 'Juin', 76),
(893, 18, 'Juillet', 76),
(894, 25, 'Août', 76),
(895, 20, 'Septembre', 76),
(896, 15, 'Octobre', 76),
(897, 15, 'Novembre', 76),
(898, 15, 'Décembre', 76),
(899, 16, 'Janvier', 77),
(900, 16, 'Février', 77),
(901, 16, 'Mars', 77),
(902, 16, 'Avril', 77),
(903, 10, 'Mai', 77),
(904, 16, 'Juin', 77),
(905, 18, 'Juillet', 77),
(906, 26, 'Août', 77),
(907, 20, 'Septembre', 77),
(908, 16, 'Octobre', 77),
(909, 16, 'Novembre', 77),
(910, 16, 'Décembre', 77),
(911, 17, 'Janvier', 78),
(912, 17, 'Février', 78),
(913, 17, 'Mars', 78),
(914, 17, 'Avril', 78),
(915, 10, 'Mai', 78),
(916, 17, 'Juin', 78),
(917, 18, 'Juillet', 78),
(918, 27, 'Août', 78),
(919, 20, 'Septembre', 78),
(920, 17, 'Octobre', 78),
(921, 17, 'Novembre', 78),
(922, 17, 'Décembre', 78),
(923, 18, 'Janvier', 79),
(924, 18, 'Février', 79),
(925, 18, 'Mars', 79),
(926, 18, 'Avril', 79),
(927, 10, 'Mai', 79),
(928, 18, 'Juin', 79),
(929, 18, 'Juillet', 79),
(930, 28, 'Août', 79),
(931, 20, 'Septembre', 79),
(932, 18, 'Octobre', 79),
(933, 18, 'Novembre', 79),
(934, 18, 'Décembre', 79),
(935, 19, 'Janvier', 80),
(936, 19, 'Février', 80),
(937, 19, 'Mars', 80),
(938, 19, 'Avril', 80),
(939, 10, 'Mai', 80),
(940, 19, 'Juin', 80),
(941, 19, 'Juillet', 80),
(942, 29, 'Août', 80),
(943, 20, 'Septembre', 80),
(944, 19, 'Octobre', 80),
(945, 19, 'Novembre', 80),
(946, 19, 'Décembre', 80),
(947, 15, 'Janvier', 82),
(948, 13, 'Février', 82),
(949, 16, 'Mars', 82),
(950, 15, 'Avril', 82),
(951, 10, 'Mai', 82),
(952, 16, 'Juin', 82),
(953, 18, 'Juillet', 82),
(954, 25, 'Août', 82),
(955, 20, 'Septembre', 82),
(956, 15, 'Octobre', 82),
(957, 13, 'Novembre', 82),
(958, 13, 'Décembre', 82),
(959, 15, 'Janvier', 83),
(960, 13, 'Février', 83),
(961, 16, 'Mars', 83),
(962, 15, 'Avril', 83),
(963, 10, 'Mai', 83),
(964, 16, 'Juin', 83),
(965, 18, 'Juillet', 83),
(966, 25, 'Août', 83),
(967, 20, 'Septembre', 83),
(968, 15, 'Octobre', 83),
(969, 13, 'Novembre', 83),
(970, 13, 'Décembre', 83),
(971, 15, 'Janvier', 84),
(972, 13, 'Février', 84),
(973, 16, 'Mars', 84),
(974, 15, 'Avril', 84),
(975, 10, 'Mai', 84),
(976, 16, 'Juin', 84),
(977, 18, 'Juillet', 84),
(978, 25, 'Août', 84),
(979, 20, 'Septembre', 84),
(980, 15, 'Octobre', 84),
(981, 13, 'Novembre', 84),
(982, 13, 'Décembre', 84),
(983, 15, 'Janvier', 85),
(984, 13, 'Février', 85),
(985, 16, 'Mars', 85),
(986, 15, 'Avril', 85),
(987, 10, 'Mai', 85),
(988, 16, 'Juin', 85),
(989, 18, 'Juillet', 85),
(990, 25, 'Août', 85),
(991, 20, 'Septembre', 85),
(992, 15, 'Octobre', 85),
(993, 13, 'Novembre', 85),
(994, 13, 'Décembre', 85),
(995, 15, 'Janvier', 86),
(996, 14, 'Février', 86),
(997, 16, 'Mars', 86),
(998, 15, 'Avril', 86),
(999, 10, 'Mai', 86),
(1000, 16, 'Juin', 86),
(1001, 18, 'Juillet', 86),
(1002, 25, 'Août', 86),
(1003, 20, 'Septembre', 86),
(1004, 15, 'Octobre', 86),
(1005, 14, 'Novembre', 86),
(1006, 14, 'Décembre', 86),
(1007, 15, 'Janvier', 87),
(1008, 15, 'Février', 87),
(1009, 16, 'Mars', 87),
(1010, 15, 'Avril', 87),
(1011, 10, 'Mai', 87),
(1012, 16, 'Juin', 87),
(1013, 18, 'Juillet', 87),
(1014, 25, 'Août', 87),
(1015, 20, 'Septembre', 87),
(1016, 15, 'Octobre', 87),
(1017, 15, 'Novembre', 87),
(1018, 15, 'Décembre', 87),
(1019, 16, 'Janvier', 88),
(1020, 16, 'Février', 88),
(1021, 16, 'Mars', 88),
(1022, 16, 'Avril', 88),
(1023, 10, 'Mai', 88),
(1024, 16, 'Juin', 88),
(1025, 18, 'Juillet', 88),
(1026, 26, 'Août', 88),
(1027, 20, 'Septembre', 88),
(1028, 16, 'Octobre', 88),
(1029, 16, 'Novembre', 88),
(1030, 16, 'Décembre', 88),
(1031, 17, 'Janvier', 89),
(1032, 17, 'Février', 89),
(1033, 17, 'Mars', 89),
(1034, 17, 'Avril', 89),
(1035, 10, 'Mai', 89),
(1036, 17, 'Juin', 89),
(1037, 18, 'Juillet', 89),
(1038, 27, 'Août', 89),
(1039, 20, 'Septembre', 89),
(1040, 17, 'Octobre', 89),
(1041, 17, 'Novembre', 89),
(1042, 17, 'Décembre', 89),
(1043, 18, 'Janvier', 90),
(1044, 18, 'Février', 90),
(1045, 18, 'Mars', 90),
(1046, 18, 'Avril', 90),
(1047, 10, 'Mai', 90),
(1048, 18, 'Juin', 90),
(1049, 18, 'Juillet', 90),
(1050, 28, 'Août', 90),
(1051, 20, 'Septembre', 90),
(1052, 18, 'Octobre', 90),
(1053, 18, 'Novembre', 90),
(1054, 18, 'Décembre', 90),
(1055, 18, 'Janvier', 91),
(1056, 18, 'Février', 91),
(1057, 18, 'Mars', 91),
(1058, 18, 'Avril', 91),
(1059, 10, 'Mai', 91),
(1060, 18, 'Juin', 91),
(1061, 18, 'Juillet', 91),
(1062, 28, 'Août', 91),
(1063, 20, 'Septembre', 91),
(1064, 18, 'Octobre', 91),
(1065, 18, 'Novembre', 91),
(1066, 18, 'Décembre', 91),
(1067, 18, 'Janvier', 92),
(1068, 18, 'Février', 92),
(1069, 18, 'Mars', 92),
(1070, 18, 'Avril', 92),
(1071, 10, 'Mai', 92),
(1072, 18, 'Juin', 92),
(1073, 18, 'Juillet', 92),
(1074, 28, 'Août', 92),
(1075, 20, 'Septembre', 92),
(1076, 18, 'Octobre', 92),
(1077, 18, 'Novembre', 92),
(1078, 18, 'Décembre', 92),
(1079, 18, 'Janvier', 93),
(1080, 18, 'Février', 93),
(1081, 18, 'Mars', 93),
(1082, 18, 'Avril', 93),
(1083, 10, 'Mai', 93),
(1084, 18, 'Juin', 93),
(1085, 18, 'Juillet', 93),
(1086, 28, 'Août', 93),
(1087, 20, 'Septembre', 93),
(1088, 18, 'Octobre', 93),
(1089, 18, 'Novembre', 93),
(1090, 18, 'Décembre', 93),
(1091, 18, 'Janvier', 94),
(1092, 18, 'Février', 94),
(1093, 18, 'Mars', 94),
(1094, 18, 'Avril', 94),
(1095, 10, 'Mai', 94),
(1096, 18, 'Juin', 94),
(1097, 18, 'Juillet', 94),
(1098, 28, 'Août', 94),
(1099, 20, 'Septembre', 94),
(1100, 18, 'Octobre', 94),
(1101, 18, 'Novembre', 94),
(1102, 18, 'Décembre', 94),
(1103, 18, 'Janvier', 95),
(1104, 18, 'Février', 95),
(1105, 18, 'Mars', 95),
(1106, 18, 'Avril', 95),
(1107, 10, 'Mai', 95),
(1108, 18, 'Juin', 95),
(1109, 18, 'Juillet', 95),
(1110, 28, 'Août', 95),
(1111, 20, 'Septembre', 95),
(1112, 18, 'Octobre', 95),
(1113, 18, 'Novembre', 95),
(1114, 18, 'Décembre', 95),
(1115, 18, 'Janvier', 96),
(1116, 18, 'Février', 96),
(1117, 18, 'Mars', 96),
(1118, 18, 'Avril', 96),
(1119, 10, 'Mai', 96),
(1120, 18, 'Juin', 96),
(1121, 18, 'Juillet', 96),
(1122, 28, 'Août', 96),
(1123, 20, 'Septembre', 96),
(1124, 18, 'Octobre', 96),
(1125, 18, 'Novembre', 96),
(1126, 18, 'Décembre', 96),
(1127, 18, 'Janvier', 97),
(1128, 18, 'Février', 97),
(1129, 18, 'Mars', 97),
(1130, 18, 'Avril', 97),
(1131, 10, 'Mai', 97),
(1132, 18, 'Juin', 97),
(1133, 18, 'Juillet', 97),
(1134, 28, 'Août', 97),
(1135, 20, 'Septembre', 97),
(1136, 18, 'Octobre', 97),
(1137, 18, 'Novembre', 97),
(1138, 18, 'Décembre', 97),
(1139, 18, 'Janvier', 98),
(1140, 18, 'Février', 98),
(1141, 18, 'Mars', 98),
(1142, 18, 'Avril', 98),
(1143, 10, 'Mai', 98),
(1144, 18, 'Juin', 98),
(1145, 18, 'Juillet', 98),
(1146, 28, 'Août', 98),
(1147, 20, 'Septembre', 98),
(1148, 18, 'Octobre', 98),
(1149, 18, 'Novembre', 98),
(1150, 18, 'Décembre', 98),
(1151, 18, 'Janvier', 99),
(1152, 18, 'Février', 99),
(1153, 18, 'Mars', 99),
(1154, 18, 'Avril', 99),
(1155, 10, 'Mai', 99),
(1156, 18, 'Juin', 99),
(1157, 18, 'Juillet', 99),
(1158, 28, 'Août', 99),
(1159, 20, 'Septembre', 99),
(1160, 18, 'Octobre', 99),
(1161, 18, 'Novembre', 99),
(1162, 18, 'Décembre', 99),
(1163, 18, 'Janvier', 100),
(1164, 18, 'Février', 100),
(1165, 18, 'Mars', 100),
(1166, 18, 'Avril', 100),
(1167, 10, 'Mai', 100),
(1168, 18, 'Juin', 100),
(1169, 18, 'Juillet', 100),
(1170, 28, 'Août', 100),
(1171, 20, 'Septembre', 100),
(1172, 18, 'Octobre', 100),
(1173, 18, 'Novembre', 100),
(1174, 18, 'Décembre', 100),
(1175, 18, 'Janvier', 101),
(1176, 18, 'Février', 101),
(1177, 18, 'Mars', 101),
(1178, 18, 'Avril', 101),
(1179, 10, 'Mai', 101),
(1180, 18, 'Juin', 101),
(1181, 18, 'Juillet', 101),
(1182, 28, 'Août', 101),
(1183, 20, 'Septembre', 101),
(1184, 18, 'Octobre', 101),
(1185, 18, 'Novembre', 101),
(1186, 18, 'Décembre', 101),
(1187, 18, 'Janvier', 102),
(1188, 18, 'Février', 102),
(1189, 18, 'Mars', 102),
(1190, 18, 'Avril', 102),
(1191, 10, 'Mai', 102),
(1192, 18, 'Juin', 102),
(1193, 18, 'Juillet', 102),
(1194, 28, 'Août', 102),
(1195, 20, 'Septembre', 102),
(1196, 18, 'Octobre', 102),
(1197, 18, 'Novembre', 102),
(1198, 18, 'Décembre', 102),
(1199, 18, 'Janvier', 103),
(1200, 18, 'Février', 103),
(1201, 18, 'Mars', 103),
(1202, 18, 'Avril', 103),
(1203, 10, 'Mai', 103),
(1204, 18, 'Juin', 103),
(1205, 18, 'Juillet', 103),
(1206, 28, 'Août', 103),
(1207, 20, 'Septembre', 103),
(1208, 18, 'Octobre', 103),
(1209, 18, 'Novembre', 103),
(1210, 18, 'Décembre', 103),
(1211, 18, 'Janvier', 104),
(1212, 18, 'Février', 104),
(1213, 18, 'Mars', 104),
(1214, 18, 'Avril', 104),
(1215, 10, 'Mai', 104),
(1216, 18, 'Juin', 104),
(1217, 18, 'Juillet', 104),
(1218, 28, 'Août', 104),
(1219, 20, 'Septembre', 104),
(1220, 18, 'Octobre', 104),
(1221, 18, 'Novembre', 104),
(1222, 18, 'Décembre', 104),
(1223, 18, 'Janvier', 105),
(1224, 18, 'Février', 105),
(1225, 18, 'Mars', 105),
(1226, 18, 'Avril', 105),
(1227, 10, 'Mai', 105),
(1228, 18, 'Juin', 105),
(1229, 18, 'Juillet', 105),
(1230, 28, 'Août', 105),
(1231, 20, 'Septembre', 105),
(1232, 18, 'Octobre', 105),
(1233, 18, 'Novembre', 105),
(1234, 18, 'Décembre', 105),
(1235, 18, 'Janvier', 106),
(1236, 18, 'Février', 106),
(1237, 18, 'Mars', 106),
(1238, 18, 'Avril', 106),
(1239, 10, 'Mai', 106),
(1240, 18, 'Juin', 106),
(1241, 18, 'Juillet', 106),
(1242, 28, 'Août', 106),
(1243, 20, 'Septembre', 106),
(1244, 18, 'Octobre', 106),
(1245, 18, 'Novembre', 106),
(1246, 18, 'Décembre', 106),
(1247, 18, 'Janvier', 107),
(1248, 18, 'Février', 107),
(1249, 18, 'Mars', 107),
(1250, 18, 'Avril', 107),
(1251, 10, 'Mai', 107),
(1252, 18, 'Juin', 107),
(1253, 18, 'Juillet', 107),
(1254, 28, 'Août', 107),
(1255, 20, 'Septembre', 107),
(1256, 18, 'Octobre', 107),
(1257, 18, 'Novembre', 107),
(1258, 18, 'Décembre', 107),
(1259, 18, 'Janvier', 108),
(1260, 18, 'Février', 108),
(1261, 18, 'Mars', 108),
(1262, 18, 'Avril', 108),
(1263, 10, 'Mai', 108),
(1264, 18, 'Juin', 108),
(1265, 18, 'Juillet', 108),
(1266, 28, 'Août', 108),
(1267, 20, 'Septembre', 108),
(1268, 18, 'Octobre', 108),
(1269, 18, 'Novembre', 108),
(1270, 18, 'Décembre', 108),
(1271, 18, 'Janvier', 109),
(1272, 18, 'Février', 109),
(1273, 18, 'Mars', 109),
(1274, 18, 'Avril', 109),
(1275, 10, 'Mai', 109),
(1276, 18, 'Juin', 109),
(1277, 18, 'Juillet', 109),
(1278, 28, 'Août', 109),
(1279, 20, 'Septembre', 109),
(1280, 18, 'Octobre', 109),
(1281, 18, 'Novembre', 109),
(1282, 18, 'Décembre', 109),
(1283, 18, 'Janvier', 110),
(1284, 18, 'Février', 110),
(1285, 18, 'Mars', 110),
(1286, 18, 'Avril', 110),
(1287, 10, 'Mai', 110),
(1288, 18, 'Juin', 110),
(1289, 18, 'Juillet', 110),
(1290, 28, 'Août', 110),
(1291, 20, 'Septembre', 110),
(1292, 18, 'Octobre', 110),
(1293, 18, 'Novembre', 110),
(1294, 18, 'Décembre', 110),
(1295, 18, 'Janvier', 111),
(1296, 18, 'Février', 111),
(1297, 18, 'Mars', 111),
(1298, 18, 'Avril', 111),
(1299, 10, 'Mai', 111),
(1300, 18, 'Juin', 111),
(1301, 18, 'Juillet', 111),
(1302, 28, 'Août', 111),
(1303, 20, 'Septembre', 111),
(1304, 18, 'Octobre', 111),
(1305, 18, 'Novembre', 111),
(1306, 18, 'Décembre', 111),
(1307, 18, 'Janvier', 112),
(1308, 18, 'Février', 112),
(1309, 18, 'Mars', 112),
(1310, 18, 'Avril', 112),
(1311, 10, 'Mai', 112),
(1312, 18, 'Juin', 112),
(1313, 18, 'Juillet', 112),
(1314, 28, 'Août', 112),
(1315, 20, 'Septembre', 112),
(1316, 18, 'Octobre', 112),
(1317, 18, 'Novembre', 112),
(1318, 18, 'Décembre', 112),
(1319, 18, 'Janvier', 113),
(1320, 18, 'Février', 113),
(1321, 18, 'Mars', 113),
(1322, 18, 'Avril', 113),
(1323, 10, 'Mai', 113),
(1324, 18, 'Juin', 113),
(1325, 18, 'Juillet', 113),
(1326, 28, 'Août', 113),
(1327, 20, 'Septembre', 113),
(1328, 18, 'Octobre', 113),
(1329, 18, 'Novembre', 113),
(1330, 18, 'Décembre', 113),
(1331, 18, 'Janvier', 114),
(1332, 18, 'Février', 114),
(1333, 18, 'Mars', 114),
(1334, 18, 'Avril', 114),
(1335, 10, 'Mai', 114),
(1336, 18, 'Juin', 114),
(1337, 18, 'Juillet', 114),
(1338, 28, 'Août', 114),
(1339, 20, 'Septembre', 114),
(1340, 18, 'Octobre', 114),
(1341, 18, 'Novembre', 114),
(1342, 18, 'Décembre', 114),
(1343, 18, 'Janvier', 115),
(1344, 18, 'Février', 115),
(1345, 18, 'Mars', 115),
(1346, 18, 'Avril', 115),
(1347, 10, 'Mai', 115),
(1348, 18, 'Juin', 115),
(1349, 18, 'Juillet', 115),
(1350, 28, 'Août', 115),
(1351, 20, 'Septembre', 115),
(1352, 18, 'Octobre', 115),
(1353, 18, 'Novembre', 115),
(1354, 18, 'Décembre', 115),
(1355, 18, 'Janvier', 116),
(1356, 18, 'Février', 116),
(1357, 18, 'Mars', 116),
(1358, 18, 'Avril', 116),
(1359, 10, 'Mai', 116),
(1360, 18, 'Juin', 116),
(1361, 18, 'Juillet', 116),
(1362, 28, 'Août', 116),
(1363, 20, 'Septembre', 116),
(1364, 18, 'Octobre', 116),
(1365, 18, 'Novembre', 116),
(1366, 18, 'Décembre', 116),
(1367, 18, 'Janvier', 117),
(1368, 18, 'Février', 117),
(1369, 18, 'Mars', 117),
(1370, 18, 'Avril', 117),
(1371, 10, 'Mai', 117),
(1372, 18, 'Juin', 117),
(1373, 18, 'Juillet', 117),
(1374, 28, 'Août', 117),
(1375, 20, 'Septembre', 117),
(1376, 18, 'Octobre', 117),
(1377, 18, 'Novembre', 117),
(1378, 18, 'Décembre', 117),
(1379, 18, 'Janvier', 118),
(1380, 18, 'Février', 118),
(1381, 18, 'Mars', 118),
(1382, 18, 'Avril', 118),
(1383, 10, 'Mai', 118),
(1384, 18, 'Juin', 118),
(1385, 18, 'Juillet', 118),
(1386, 28, 'Août', 118),
(1387, 20, 'Septembre', 118),
(1388, 18, 'Octobre', 118),
(1389, 18, 'Novembre', 118),
(1390, 18, 'Décembre', 118),
(1391, 18, 'Janvier', 119),
(1392, 18, 'Février', 119),
(1393, 18, 'Mars', 119),
(1394, 18, 'Avril', 119),
(1395, 10, 'Mai', 119),
(1396, 18, 'Juin', 119),
(1397, 18, 'Juillet', 119),
(1398, 28, 'Août', 119),
(1399, 20, 'Septembre', 119),
(1400, 18, 'Octobre', 119),
(1401, 18, 'Novembre', 119),
(1402, 18, 'Décembre', 119),
(1403, 18, 'Janvier', 120),
(1404, 18, 'Février', 120),
(1405, 18, 'Mars', 120),
(1406, 18, 'Avril', 120),
(1407, 10, 'Mai', 120),
(1408, 18, 'Juin', 120),
(1409, 18, 'Juillet', 120),
(1410, 28, 'Août', 120),
(1411, 20, 'Septembre', 120),
(1412, 18, 'Octobre', 120),
(1413, 18, 'Novembre', 120),
(1414, 18, 'Décembre', 120),
(1415, 18, 'Janvier', 121),
(1416, 18, 'Février', 121),
(1417, 18, 'Mars', 121),
(1418, 18, 'Avril', 121),
(1419, 10, 'Mai', 121),
(1420, 18, 'Juin', 121),
(1421, 18, 'Juillet', 121),
(1422, 28, 'Août', 121),
(1423, 20, 'Septembre', 121),
(1424, 18, 'Octobre', 121),
(1425, 18, 'Novembre', 121),
(1426, 18, 'Décembre', 121),
(1427, 18, 'Janvier', 122),
(1428, 18, 'Février', 122),
(1429, 18, 'Mars', 122),
(1430, 18, 'Avril', 122),
(1431, 10, 'Mai', 122),
(1432, 18, 'Juin', 122),
(1433, 18, 'Juillet', 122),
(1434, 28, 'Août', 122),
(1435, 20, 'Septembre', 122),
(1436, 18, 'Octobre', 122),
(1437, 18, 'Novembre', 122),
(1438, 18, 'Décembre', 122),
(1439, 18, 'Janvier', 122),
(1440, 18, 'Février', 122),
(1441, 18, 'Mars', 122),
(1442, 18, 'Avril', 122),
(1443, 10, 'Mai', 122),
(1444, 18, 'Juin', 122),
(1445, 18, 'Juillet', 122),
(1446, 28, 'Août', 122),
(1447, 20, 'Septembre', 122),
(1448, 18, 'Octobre', 122),
(1449, 18, 'Novembre', 122),
(1450, 18, 'Décembre', 122),
(1451, 18, 'Janvier', 123),
(1452, 18, 'Février', 123),
(1453, 18, 'Mars', 123),
(1454, 18, 'Avril', 123),
(1455, 10, 'Mai', 123),
(1456, 18, 'Juin', 123),
(1457, 18, 'Juillet', 123),
(1458, 28, 'Août', 123),
(1459, 20, 'Septembre', 123),
(1460, 18, 'Octobre', 123),
(1461, 18, 'Novembre', 123),
(1462, 18, 'Décembre', 123),
(1463, 18, 'Janvier', 124),
(1464, 18, 'Février', 124),
(1465, 18, 'Mars', 124),
(1466, 18, 'Avril', 124),
(1467, 10, 'Mai', 124),
(1468, 18, 'Juin', 124),
(1469, 18, 'Juillet', 124),
(1470, 28, 'Août', 124),
(1471, 20, 'Septembre', 124),
(1472, 18, 'Octobre', 124),
(1473, 18, 'Novembre', 124),
(1474, 18, 'Décembre', 124),
(1475, 18, 'Janvier', 125),
(1476, 18, 'Février', 125),
(1477, 18, 'Mars', 125),
(1478, 18, 'Avril', 125),
(1479, 10, 'Mai', 125),
(1480, 18, 'Juin', 125),
(1481, 18, 'Juillet', 125),
(1482, 28, 'Août', 125),
(1483, 20, 'Septembre', 125),
(1484, 18, 'Octobre', 125),
(1485, 18, 'Novembre', 125),
(1486, 18, 'Décembre', 125),
(1487, 18, 'Janvier', 126),
(1488, 18, 'Février', 126),
(1489, 18, 'Mars', 126),
(1490, 18, 'Avril', 126),
(1491, 10, 'Mai', 126),
(1492, 18, 'Juin', 126),
(1493, 18, 'Juillet', 126),
(1494, 28, 'Août', 126),
(1495, 20, 'Septembre', 126),
(1496, 18, 'Octobre', 126),
(1497, 18, 'Novembre', 126),
(1498, 18, 'Décembre', 126),
(1499, 18, 'Janvier', 127),
(1500, 18, 'Février', 127),
(1501, 18, 'Mars', 127),
(1502, 18, 'Avril', 127),
(1503, 10, 'Mai', 127),
(1504, 18, 'Juin', 127),
(1505, 18, 'Juillet', 127),
(1506, 28, 'Août', 127),
(1507, 20, 'Septembre', 127),
(1508, 18, 'Octobre', 127),
(1509, 18, 'Novembre', 127),
(1510, 18, 'Décembre', 127);

-- --------------------------------------------------------

--
-- Structure de la table `type_voyage`
--

DROP TABLE IF EXISTS `type_voyage`;
CREATE TABLE IF NOT EXISTS `type_voyage` (
  `id` int(11) NOT NULL AUTO_INCREMENT,
  `nom_type` varchar(255) COLLATE utf8mb4_unicode_ci NOT NULL,
  PRIMARY KEY (`id`)
) ENGINE=InnoDB AUTO_INCREMENT=7 DEFAULT CHARSET=utf8mb4 COLLATE=utf8mb4_unicode_ci;

--
-- Déchargement des données de la table `type_voyage`
--

INSERT INTO `type_voyage` (`id`, `nom_type`) VALUES
(1, 'Mer'),
(2, 'Montagne'),
(3, 'Aventure'),
(4, 'Farniente'),
(5, 'Nature'),
(6, 'Ville');

-- --------------------------------------------------------

--
-- Structure de la table `ville`
--

DROP TABLE IF EXISTS `ville`;
CREATE TABLE IF NOT EXISTS `ville` (
  `id` int(11) NOT NULL AUTO_INCREMENT,
  `nom_ville` varchar(255) COLLATE utf8mb4_unicode_ci NOT NULL,
  `budget` int(11) NOT NULL,
  `pays_id` int(11) DEFAULT NULL,
  PRIMARY KEY (`id`),
  KEY `IDX_43C3D9C3A6E44244` (`pays_id`)
) ENGINE=InnoDB AUTO_INCREMENT=128 DEFAULT CHARSET=utf8mb4 COLLATE=utf8mb4_unicode_ci;

--
-- Déchargement des données de la table `ville`
--

INSERT INTO `ville` (`id`, `nom_ville`, `budget`, `pays_id`) VALUES
(3, 'Tel Aviv', 250, 1),
(4, 'Beirut', 250, 2),
(5, 'Istanbul', 250, 3),
(6, 'Papeete', 250, 4),
(7, 'Djerba', 250, 11),
(8, 'Sfax', 250, 11),
(9, 'Monastir', 250, 11),
(10, 'Tunis', 250, 11),
(11, 'Agadir', 250, 9),
(12, 'Casablanca', 250, 9),
(13, 'Dakhla', 250, 9),
(14, 'Essaouira', 250, 9),
(15, 'Fes', 250, 9),
(16, 'Marrakech', 250, 9),
(17, 'Nador', 250, 9),
(18, 'Ouarzazate', 250, 9),
(19, 'Rabat', 250, 9),
(20, 'Oujda', 250, 9),
(21, 'Tangier', 250, 9),
(22, 'Bamako', 250, 8),
(23, 'Ile Maurice', 250, 7),
(24, 'Abidjan', 250, 6),
(25, 'Alger', 250, 5),
(26, 'Annaba', 250, 5),
(27, 'Batna', 250, 5),
(28, 'Bejaia', 250, 5),
(29, 'Biskra', 250, 5),
(30, 'Constantine', 250, 5),
(31, 'Oran', 250, 5),
(32, 'Setif', 250, 5),
(33, 'Tlemcen', 250, 5),
(34, 'Sao Paulo', 250, 4),
(35, 'San Salvador', 250, 13),
(36, 'Montreal', 250, 14),
(37, 'La Havane', 250, 15),
(38, 'Santiago', 250, 15),
(39, 'Las Vegas', 250, 16),
(40, 'Miami', 250, 16),
(41, 'New York', 250, 16),
(42, 'San Francisco', 250, 16),
(43, 'Pointe à Pitre', 250, 17),
(44, 'Cayenne', 250, 18),
(45, 'Port au Prince', 250, 19),
(46, 'Fort de France', 250, 20),
(47, 'Punta Cana', 250, 21),
(48, 'Saint Domingue', 250, 21),
(49, 'Kiev', 250, 42),
(50, 'Genève', 250, 41),
(51, 'Moscou', 250, 40),
(52, 'Faro', 250, 39),
(53, 'Funchal', 250, 39),
(54, 'Lisbonne', 250, 39),
(55, 'Porto', 250, 39),
(56, 'Amsterdam', 250, 38),
(57, 'Bergen', 250, 37),
(58, 'Malte', 250, 36),
(59, 'Brindisi', 250, 35),
(60, 'Catane', 250, 35),
(61, 'Florence', 250, 35),
(62, 'Milan', 250, 35),
(63, 'Nalpes', 250, 35),
(64, 'Olbia', 250, 35),
(65, 'Palerme', 250, 35),
(66, 'Pisa', 250, 35),
(67, 'Rome', 250, 35),
(68, 'Venise', 250, 35),
(69, 'Reykjavik', 250, 34),
(70, 'Dublin', 250, 33),
(71, 'budapest', 250, 32),
(72, 'Athenes', 250, 31),
(73, 'Chania', 250, 31),
(74, 'Corfou', 250, 31),
(75, 'Heraklion', 250, 31),
(76, 'Kos', 250, 31),
(77, 'Mikonos', 250, 31),
(78, 'Rhodes', 250, 31),
(79, 'Thessaloniki', 250, 31),
(80, 'Thira', 250, 31),
(81, 'Zakinthos Is', 250, 31),
(82, 'Helsinki', 250, 30),
(83, 'Alicante', 250, 29),
(84, 'Barcelone', 250, 29),
(85, 'Fuerteventura', 250, 29),
(86, 'Ibiza', 250, 29),
(87, 'Lanzarote', 250, 29),
(88, 'Madrid', 250, 29),
(89, 'Malaga', 250, 29),
(90, 'Menorca', 250, 29),
(91, 'Palma', 250, 29),
(92, 'Tenerife', 250, 29),
(93, 'Valence', 250, 29),
(94, 'Seville', 250, 29),
(95, 'Copenhague', 250, 28),
(96, 'Dubrovnik', 250, 27),
(97, 'Split', 250, 27),
(98, 'Vienne', 250, 26),
(99, 'Berlin', 250, 25),
(100, 'Tirana', 250, 24),
(101, 'Agen', 250, 23),
(102, 'Ajaccio', 250, 23),
(103, 'Aurillac', 250, 23),
(104, 'Bale-Mulhouse', 250, 23),
(105, 'Bastia', 250, 23),
(106, 'Biarritz', 250, 23),
(107, 'Bordeaux', 250, 23),
(108, 'Brest', 250, 23),
(109, 'Brive', 250, 23),
(110, 'Calvi', 250, 23),
(111, 'Castres', 250, 23),
(112, 'Clermont-Ferrand', 250, 23),
(113, 'Figari', 250, 23),
(114, 'La Rochelle', 250, 23),
(115, 'Le Puy', 250, 23),
(116, 'Limoge', 250, 23),
(117, 'Lyon', 250, 23),
(118, 'Marseille', 250, 23),
(119, 'Montpellier', 250, 23),
(120, 'Nantes', 250, 23),
(121, 'Nice', 250, 23),
(122, 'Pau', 250, 23),
(123, 'Perpignan', 250, 23),
(124, 'Rodez', 250, 23),
(125, 'Tarbes-Lourdes', 250, 23),
(126, 'Toulon-Hyères', 250, 23),
(127, 'Toulouse', 250, 23);

-- --------------------------------------------------------

--
-- Structure de la table `ville_type_voyage`
--

DROP TABLE IF EXISTS `ville_type_voyage`;
CREATE TABLE IF NOT EXISTS `ville_type_voyage` (
  `ville_id` int(11) NOT NULL,
  `type_voyage_id` int(11) NOT NULL,
  PRIMARY KEY (`ville_id`,`type_voyage_id`),
  KEY `IDX_6548062DA73F0036` (`ville_id`),
  KEY `IDX_6548062DDC0FA4BF` (`type_voyage_id`)
) ENGINE=InnoDB DEFAULT CHARSET=utf8mb4 COLLATE=utf8mb4_unicode_ci;

--
-- Déchargement des données de la table `ville_type_voyage`
--

INSERT INTO `ville_type_voyage` (`ville_id`, `type_voyage_id`) VALUES
(3, 4),
(3, 5),
(4, 1),
(5, 3),
(5, 5),
(6, 4),
(7, 5),
(8, 4),
(9, 5),
(10, 4),
(11, 5),
(12, 6),
(13, 2),
(14, 1),
(15, 2),
(16, 2),
(17, 3),
(18, 3),
(19, 4),
(20, 4),
(21, 5),
(22, 6),
(23, 2),
(24, 1),
(25, 2),
(26, 2),
(27, 3),
(28, 3),
(29, 4),
(30, 4),
(31, 5),
(32, 6),
(33, 2),
(34, 1),
(35, 2),
(36, 2),
(37, 3),
(38, 3),
(39, 4),
(40, 4),
(41, 5),
(42, 6),
(43, 2),
(44, 1),
(45, 2),
(46, 2),
(47, 3),
(48, 3),
(49, 4),
(50, 4),
(51, 5),
(52, 6),
(53, 2),
(54, 1),
(55, 2),
(56, 2),
(57, 3),
(58, 3),
(59, 4),
(60, 4),
(61, 5),
(62, 6),
(63, 2),
(64, 1),
(65, 2),
(66, 2),
(67, 3),
(68, 3),
(69, 4),
(70, 4),
(71, 5),
(72, 6),
(73, 2),
(74, 1),
(75, 2),
(76, 2),
(77, 3),
(78, 3),
(79, 4),
(80, 4),
(81, 5),
(82, 6),
(83, 2),
(84, 1),
(85, 2),
(86, 2),
(87, 3),
(88, 3),
(89, 4),
(90, 4),
(91, 5),
(92, 6),
(93, 2),
(94, 1),
(95, 2),
(96, 2),
(97, 3),
(98, 3),
(99, 4),
(100, 4),
(101, 4),
(102, 4),
(103, 4),
(104, 1),
(105, 5),
(106, 4),
(107, 5),
(108, 4),
(109, 5),
(110, 4),
(111, 5),
(112, 6),
(113, 2),
(114, 1),
(115, 2),
(116, 2),
(117, 3),
(118, 3),
(119, 4),
(120, 4),
(121, 5),
(122, 6),
(123, 2),
(124, 1),
(125, 2),
(126, 2),
(127, 3);

--
-- Contraintes pour les tables déchargées
--

--
-- Contraintes pour la table `pays`
--
ALTER TABLE `pays`
  ADD CONSTRAINT `FK_349F3CAE921F4C77` FOREIGN KEY (`continent_id`) REFERENCES `continent` (`id`);

--
-- Contraintes pour la table `temperature`
--
ALTER TABLE `temperature`
  ADD CONSTRAINT `FK_BE4E2A6CA73F0036` FOREIGN KEY (`ville_id`) REFERENCES `ville` (`id`);

--
-- Contraintes pour la table `ville`
--
ALTER TABLE `ville`
  ADD CONSTRAINT `FK_43C3D9C3A6E44244` FOREIGN KEY (`pays_id`) REFERENCES `pays` (`id`);

--
-- Contraintes pour la table `ville_type_voyage`
--
ALTER TABLE `ville_type_voyage`
  ADD CONSTRAINT `FK_6548062DA73F0036` FOREIGN KEY (`ville_id`) REFERENCES `ville` (`id`) ON DELETE CASCADE,
  ADD CONSTRAINT `FK_6548062DDC0FA4BF` FOREIGN KEY (`type_voyage_id`) REFERENCES `type_voyage` (`id`) ON DELETE CASCADE;
COMMIT;

/*!40101 SET CHARACTER_SET_CLIENT=@OLD_CHARACTER_SET_CLIENT */;
/*!40101 SET CHARACTER_SET_RESULTS=@OLD_CHARACTER_SET_RESULTS */;
/*!40101 SET COLLATION_CONNECTION=@OLD_COLLATION_CONNECTION */;
